Player_ID,Player_Name,ESPN_Player_ID,Verification,Previous_ESPN_ID
P0001,"Kevin Durant",3202,existing-verified-2027,3202
P0002,"Russell Westbrook",3468,exact-name-2027,
P0003,"Jrue Holiday",3995,exact-name-2027,
P0004,"Julius Randle",3064514,existing-verified-2027,3064514
P0005,"Khris Middleton",6609,exact-name-2027,
P0006,"Enes Kanter",,unresolved,
P0007,"Will Barton",,unresolved,
P0008,"Tyreke Evans",,unresolved,
P0009,"Dwight Howard",,unresolved,
P0010,"Bobby Portis",3064482,exact-name-2027,
P0011,"Montrezl Harrell",,unresolved,
P0012,"J.J. Redick",,unresolved,
P0013,"Joe Ingles",2968436,exact-name-2027,
P0014,"Terry Rozier",3074752,exact-name-2027,
P0015,"Collin Sexton",4277811,existing-verified-2027,4277811
P0016,"Nikola Jokic",3112335,existing-verified-2027,3112335
P0017,"Kemba Walker",,unresolved,
P0018,"Tobias Harris",6440,exact-name-2027,
P0019,"Andrew Wiggins",3059319,existing-verified-2027,3059319
P0020,"Lou Williams",,unresolved,
P0021,"Evan Fournier",6588,exact-name-2026,
P0022,"Rudy Gay",,unresolved,
P0023,"Derrick Rose",3456,exact-name-2026,
P0024,"Devin Booker",3136193,existing-verified-2027,3136193
P0025,"Jordan Bell",,unresolved,
P0026,"Jarrett Allen",4066328,existing-verified-2027,4066328
P0027,"De'Aaron Fox",4066259,existing-verified-2027,4066259
P0028,"Kris Dunn",2991139,exact-name-2027,
P0029,"Buddy Hield",2990984,exact-name-2027,
P0030,"Caris LeVert",2991043,exact-name-2027,
P0031,"Chandler Hutchison",,unresolved,
P0032,"Damian Lillard",6606,exact-name-2027,
P0033,"DeMar Derozan",3978,existing-verified-2027,3978
P0034,"Kevin Love",3449,exact-name-2027,
P0035,"Rudy Gobert",3032976,existing-verified-2027,3032976
P0036,"CJ McCollum",2490149,existing-verified-2027,2490149
P0037,"Nikola Mirotic",,unresolved,
P0038,"Marcus Morris",,unresolved,
P0039,"Isaiah Thomas",6472,exact-name-2026,
P0040,"Jahlil Okafor",3135048,exact-name-2027,
P0041,"D'Angelo Russell",3136776,exact-name-2027,
P0042,"John Collins",3908845,existing-verified-2027,3908845
P0043,"Donovan Mitchell",3908809,existing-verified-2027,3908809
P0044,"Kevin Huerter",4066372,exact-name-2027,
P0045,"Cedi Osman",3893016,exact-name-2026,
P0046,"Dwight Powell",2531367,exact-name-2027,
P0047,"Dejounte Murray",3907497,existing-verified-2027,3907497
P0048,"Robert Williams",,unresolved,
P0049,"Kawhi Leonard",6450,existing-verified-2027,6450
P0050,"Gordon Hayward",4249,exact-name-2026,
P0051,"Jusuf Nurkic",3102530,exact-name-2027,
P0052,"Klay Thompson",6475,exact-name-2027,
P0053,"DeMarcus Cousins",,unresolved,
P0054,"Bogdan Bogdanovic",3037789,exact-name-2027,
P0055,"Spencer Dinwiddie",2580782,exact-name-2027,
P0056,"Danilo Gallinari",3428,exact-name-2026,
P0057,"Larry Nance",,unresolved,
P0058,"Ben Simmons",3907387,exact-name-2027,
P0059,"Jamal Murray",3936299,existing-verified-2027,3936299
P0060,"Dario Saric",3032978,exact-name-2027,
P0061,"Luke Kennard",3913174,exact-name-2027,
P0062,"Marvin Bagley III",4277848,exact-name-2027,
P0063,"Deandre Ayton",4278129,existing-verified-2027,4278129
P0064,"Michael Porter Jr",4278104,existing-verified-2027,4278104
P0065,"Anthony Davis",6583,existing-verified-2027,6583
P0066,"LaMarcus Aldridge",,unresolved,
P0067,"Blake Griffin",,unresolved,
P0068,"Mike Conley",3195,exact-name-2027,
P0070,"Draymond Green",6589,exact-name-2027,
P0072,"Nikola Vucevic",6478,existing-verified-2027,6478
P0073,"Hassan Whiteside",,unresolved,
P0074,"Tim Hardaway Jr.",2528210,exact-name-2027,
P0075,"Tomas Satoransky",,unresolved,
P0076,"Malik Monk",4066262,exact-name-2027,
P0077,"John Wall",,unresolved,
P0078,"Lonnie Walker IV",4277890,exact-name-2027,
P0079,"Donte DiVincenzo",3934673,exact-name-2027,
P0080,"Stephen Curry",3975,existing-verified-2027,3975
P0081,"James Harden",3992,existing-verified-2027,3992
P0082,"Kyle Lowry",3012,exact-name-2027,
P0083,"Jabari Parker",,unresolved,
P0084,"Marc Gasol",,unresolved,
P0085,"Josh Richardson",2581190,exact-name-2027,
P0087,"Eric Gordon",3431,exact-name-2027,
P0088,"Serge Ibaka",,unresolved,
P0089,"Kyle Anderson",2993874,exact-name-2027,
P0090,"Lonzo Ball",4066421,exact-name-2027,
P0091,"Bam Adebayo",4066261,existing-verified-2027,4066261
P0092,"Myles Turner",3133628,existing-verified-2027,3133628
P0093,"Jaylen Brown",3917376,existing-verified-2027,3917376
P0094,"Miles Bridges",4066383,existing-verified-2027,4066383
P0095,"LeBron James",1966,existing-verified-2027,1966
P0097,"Harrison Barnes",6578,exact-name-2027,
P0098,"DeAndre Jordan",3442,exact-name-2027,
P0099,"Steven Adams",2991235,exact-name-2027,
P0100,"Chris Paul",2779,exact-name-2027,
P0101,"Jordan Clarkson",2528426,exact-name-2027,
P0102,"Jerami Grant",2991070,exact-name-2027,
P0103,"Elfrid Payton",2583639,exact-name-2027,
P0104,"James Johnson",3999,exact-name-2027,
P0105,"Thad Young",,unresolved,
P0106,"Willie Cauley Stein",,unresolved,
P0107,"Jonathan Isaac",4065654,exact-name-2027,
P0108,"Trae Young",4277905,existing-verified-2027,4277905
P0109,"Shai Gilgeous-Alexander",4278073,existing-verified-2027,4278073
P0110,"Victor Olidipo (DPE)",,unresolved,
P0111,"Mo Wagner",,unresolved,
P0113,"Joel Embiid",3059318,existing-verified-2027,3059318
P0114,"Paul George",4251,existing-verified-2027,4251
P0115,"Bradley Beal",6580,exact-name-2027,
P0116,"Aaron Gordon",3064290,existing-verified-2027,3064290
P0117,"Jeff Teague",,unresolved,
P0118,"Eric Bledsoe",,unresolved,
P0119,"Al Horford",3213,exact-name-2027,
P0120,"Dennis Schroder",3032979,exact-name-2027,
P0121,"Kent Bazemore",6637,exact-name-2027,
P0122,"Kristaps Porzingis",3102531,existing-verified-2027,3102531
P0123,"Taurean Prince",2990962,exact-name-2027,
P0124,"Josh Jackson",,unresolved,
P0125,"Jayson Tatum",4065648,existing-verified-2027,4065648
P0126,"Jaren Jackson Jr.",4277961,existing-verified-2027,4277961
P0127,"Mohammed Bamba",,unresolved,
P0128,"Zhaire Smith",,unresolved,
P0129,"Giannis Antetokounmpo",3032977,existing-verified-2027,3032977
P0130,"Otto Porter Jr.",,unresolved,
P0131,"Andre Drummond",6585,exact-name-2027,
P0132,"Goran Dragic",,unresolved,
P0133,"Gary Harris",2999547,exact-name-2027,
P0134,"TJ Warren",,unresolved,
P0135,"Rodney Hood",,unresolved,
P0137,"Brook Lopez",3448,exact-name-2027,
P0138,"Jeremy Lamb",,unresolved,
P0139,"Justise Winslow",,unresolved,
P0140,"Domantas Sabonis",3155942,existing-verified-2027,3155942
P0141,"Lauri Markkanen",4066336,existing-verified-2027,4066336
P0142,"Dennis Smith Jr",4065697,exact-name-2026,
P0143,"Kevin Knox",,unresolved,
P0144,"Kyrie Irving",6442,existing-verified-2027,6442
P0145,"Clint Capela",3102529,exact-name-2027,
P0146,"Jonas Valanciunas",6477,existing-verified-2027,6477
P0147,"Reggie Jackson",6443,exact-name-2027,
P0148,"Derrick Favors",,unresolved,
P0149,"Zach LaVine",3064440,existing-verified-2027,3064440
P0151,"Kenneth Faried",,unresolved,
P0152,"Trevor Ariza",,unresolved,
P0153,"Karl Anthony-Towns",3136195,existing-verified-2027,3136195
P0154,"Brandon Ingram",3913176,existing-verified-2027,3913176
P0155,"Pascal Siakam",3149673,existing-verified-2027,3149673
P0156,"Kyle Kuzma",3134907,existing-verified-2027,3134907
P0157,"Damyean Dotson",,unresolved,
P0158,"Luka Doncic",3945274,existing-verified-2027,3945274
P0159,"Wendell Carter Jr.",4277847,exact-name-2027,
P0161,"Jerome Robinson",3943606,exact-name-2026,
P0162,"Kostas Antetokounmpo",,unresolved,
P0163,"Chris Boucher",3948153,exact-name-2027,
P0164,"Markelle Fultz",4066636,exact-name-2027,
P0166,"Tristan Thompson",6474,exact-name-2027,
P0167,"Devonte Graham",3133601,exact-name-2026,
P0168,"Elfrid Payton (2/2)",,unresolved,
P0169,"Jarrett Culver",,unresolved,
P0170,"Carsen Edwards",,unresolved,
P0171,"Eric Paschall",,unresolved,
P0172,"Fred VanVleet",2991230,exact-name-2027,
P0173,"Nassir Little",4395652,exact-name-2026,
P0174,"Christian Wood",3058254,exact-name-2027,
P0175,"Rui Hachimura",4066648,exact-name-2027,
P0176,"Brandon Clarke",,unresolved,
P0177,"Grant Williams",4066218,exact-name-2027,
P0178,"Terence Davis",3919454,exact-name-2027,
P0179,"Ricky Rubio",,unresolved,
P0180,"Thomas Bryant",3934723,exact-name-2027,
P0181,"Cody Zeller",2579258,exact-name-2026,
P0182,"Nickeil Alexander-Walker",4278039,existing-verified-2027,4278039
P0183,"De'Andre Hunter",4065732,existing-verified-2027,4065732
P0184,"Joe Harris",2528794,exact-name-2026,
P0185,"OG Anunonoby",,unresolved,
P0186,"Tyler Herro",4395725,existing-verified-2027,4395725
P0187,"Coby White",4395651,existing-verified-2027,4395651
P0188,"Paul Millsap",,unresolved,
P0189,"RJ Barrett",4395625,existing-verified-2027,4395625
P0190,"Kendrick Nunn",3056247,exact-name-2027,
P0191,"Nemanja Bjelica (1/2)",,unresolved,
P0192,"Cameron Johnson",3138196,existing-verified-2027,3138196
P0193,"Duncan Robinson",3157465,exact-name-2027,
P0194,"Victor Oladipo",,unresolved,
P0195,"Zion Williamson",4395628,existing-verified-2027,4395628
P0196,"Anfernee Simons",4351851,existing-verified-2027,4351851
P0197,"Goga Bitadze",4348700,exact-name-2027,
P0198,"Cam Reddish",4395627,exact-name-2027,
P0199,"Nicolas Batum",3416,exact-name-2027,
P0200,"Ja Morant",4279888,existing-verified-2027,4279888
P0201,"Sekou Doumbouya",,unresolved,
P0202,"Bol Bol",4397102,exact-name-2027,
P0203,"Davis Bertans",6426,exact-name-2026,
P0204,"PJ Washington",4278078,existing-verified-2027,4278078
P0205,"Jaxson Hayes",4397077,exact-name-2027,
P0206,"Kevin Porter Jr",4397140,existing-verified-2027,4397140
P0207,"Robert Covington",2490620,exact-name-2027,
P0208,"Mitchell Robinson",4351852,exact-name-2027,
P0209,"Thad Young (1/2)",,unresolved,
P0211,"Darius Garland",4396907,existing-verified-2027,4396907
P0212,"Romeo Langford",,unresolved,
P0213,"KZ Okpala",,unresolved,
P0214,"Delon Wright",3064447,exact-name-2027,
P0215,"Killian Hayes",4683024,exact-name-2027,
P0216,"Devin Vassell",4395630,existing-verified-2027,4395630
P0217,"Dillon Brooks",3155526,exact-name-2027,
P0218,"Mikal Bridges",3147657,existing-verified-2027,3147657
P0219,"Darius Bazely",,unresolved,
P0220,"Immanuel Quickley",4395724,existing-verified-2027,4395724
P0221,"Tre Jones",4395626,exact-name-2027,
P0222,"Malik Beasley",3907822,exact-name-2027,
P0223,"Anthony Edwards",4594268,existing-verified-2027,4594268
P0224,"Keldon Johnson",4395723,exact-name-2027,
P0225,"Hamidou Diallo",4080610,exact-name-2026,
P0227,"Talen Horton-Tucker",4396991,exact-name-2027,
P0229,"Xavier Tillman",4277964,exact-name-2027,
P0230,"Obi Toppin",4278355,exact-name-2027,
P0232,"Paul Reed",4278562,exact-name-2027,
P0233,"Saddiq Bey",4397136,existing-verified-2027,4397136
P0234,"Tyrese Maxey",4431678,existing-verified-2027,4431678
P0235,"Precious Achiuwa",4431679,exact-name-2027,
P0236,"Onyeka Okongwu",4431680,existing-verified-2027,4431680
P0237,"Cole Anthony",4432809,exact-name-2027,
P0238,"Marcus Smart",2990992,exact-name-2027,
P0239,"Seth Curry",2326307,exact-name-2027,
P0240,"Deni Avdija",4683021,existing-verified-2027,4683021
P0241,"Richaun Holmes",2993370,exact-name-2027,
P0242,"Isaiah Stewart",4432810,exact-name-2027,
P0243,"Theo Maledon",4683027,exact-name-2026,
P0244,"Lamelo Ball",4432816,existing-verified-2027,4432816
P0245,"Norman Powell",2595516,existing-verified-2027,2595516
P0246,"Terance Mann",3907823,exact-name-2027,
P0247,"Desmond Bane",4066320,existing-verified-2027,4066320
P0248,"Kira Lewis Jr.",4395698,exact-name-2026,
P0249,"Aleksej Pokusevski",4683018,exact-name-2026,
P0250,"Gary Trent Jr.",4277843,exact-name-2027,
P0251,"Joshua Primo",4702176,exact-name-2026,
P0252,"Jae'Sean Tate",3136777,exact-name-2027,
P0253,"Chuma Okeke",4278052,exact-name-2027,
P0254,"Moses Moody",4432171,exact-name-2027,
P0256,"Franz Wagner",4566434,existing-verified-2027,4566434
P0257,"Ziaire Williams",4433137,exact-name-2027,
P0258,"Jock Landale",3146557,exact-name-2027,
P0259,"Cade Cunningham",4432166,existing-verified-2027,4432166
P0260,"Daniel Gafford",4278049,exact-name-2027,
P0261,"Jordan Poole",4277956,existing-verified-2027,4277956
P0262,"Omer Yurtseven",3074213,exact-name-2027,
P0263,"Jonathan Kuminga",4433247,existing-verified-2027,4433247
P0264,"Tre Mann",4432819,exact-name-2027,
P0265,"Dalano Banton",4397885,exact-name-2027,
P0266,"Jalen Green",4437244,existing-verified-2027,4437244
P0267,"Evan Mobley",4432158,existing-verified-2027,4432158
P0268,"Corey Kispert",4280151,exact-name-2027,
P0269,"Bojan Bogdanovic",3593,exact-name-2026,
P0270,"Scottie Barnes",4433134,existing-verified-2027,4433134
P0271,"James Wiseman",4432808,exact-name-2027,
P0272,"Keon Johnson",4432192,exact-name-2027,
P0273,"Kai Jones",4431699,exact-name-2027,
P0274,"Cam Thomas",4432174,existing-verified-2027,4432174
P0275,"Tyrese Haliburton",4396993,existing-verified-2027,4396993
P0276,"Sharife Cooper",4432173,exact-name-2027,
P0278,null,,unresolved,
P0279,"Jalen Smith",4397189,exact-name-2027,
P0280,"Jaylen Nowell",4278541,exact-name-2027,
P0281,"Quentin Grimes",4397014,existing-verified-2027,4397014
P0282,"Jakob Poeltl",3134908,existing-verified-2027,3134908
P0283,"Derrick White",3078576,existing-verified-2027,3078576
P0284,"Jalen Brunson",3934672,existing-verified-2027,3934672
P0285,"James Bouknight",4431712,exact-name-2026,
P0286,"Jalen Johnson",4701230,existing-verified-2027,4701230
P0287,"Trey Murphy III",4397688,existing-verified-2027,4397688
P0288,"Collin Sexton - No",,unresolved,
P0289,"Patrick Williams",4431687,existing-verified-2027,4431687
P0290,"Chet Holmgren",4433255,existing-verified-2027,4433255
P0291,"Johnny Davis",4432356,exact-name-2027,
P0293,"Nikola Jovic",4997528,existing-verified-2027,4997528
P0295,"Keegan Murray",4594327,existing-verified-2027,4594327
P0297,"A.J. Griffin",,unresolved,
P0298,"Jaden Hardy",4868423,exact-name-2027,
P0299,"Jalen Williams",4593803,existing-verified-2027,4593803
P0300,"Tari Eason",4433192,existing-verified-2027,4433192
P0301,"Jalen Duren",4433621,existing-verified-2027,4433621
P0302,"Paolo Banchero",4432573,existing-verified-2027,4432573
P0303,"Bones Hyland",4592492,exact-name-2027,
P0304,"Isaiah Jackson",4432170,exact-name-2027,
P0305,"Dalen Terry",4433159,exact-name-2027,
P0307,"Malcolm Brogdon",2566769,exact-name-2027,
P0308,"Jaden Ivey",4433218,existing-verified-2027,4433218
P0309,"Andrew Nembhard",4395712,existing-verified-2027,4395712
P0310,"Mark Williams",4701232,existing-verified-2027,4701232
P0311,"Jaylin Williams",4432823,exact-name-2027,
P0312,"Christian Koloko",4431778,exact-name-2027,
P0313,"Christian Braun",4431767,existing-verified-2027,4431767
P0314,"Blake Wesley",4683935,exact-name-2027,
P0315,"Josh Giddey",4871145,existing-verified-2027,4871145
P0316,"Malakai Branham",,unresolved,
P0317,"Jordan Goodwin",4278402,exact-name-2027,
P0319,"Alperen Sengun",4871144,existing-verified-2027,4871144
P0320,"Walker Kessler",4433136,existing-verified-2027,4433136
P0321,"Ochai Agbaji",4397018,exact-name-2027,
P0322,"Shaedon Sharpe",4914336,existing-verified-2027,4914336
P0323,"Ousmane Dieng",4997526,exact-name-2027,
P0324,"Victor Wembanyama",5104157,existing-verified-2027,5104157
P0325,"Taylor Hendricks",4684806,exact-name-2027,
P0326,"Kenyon Martin Jr",,unresolved,
P0327,"Simone Fontecchio",3899664,exact-name-2027,
P0328,"Kenny Lofton Jr",,unresolved,
P0329,"Emoni Bates",4433620,exact-name-2027,
P0330,"Amari Bailey",5105638,exact-name-2027,
P0331,"Zach Collins",4066650,exact-name-2027,
P0332,"Jalen Suggs",4432165,existing-verified-2027,4432165
P0335,"Brandon Miller",4433287,existing-verified-2027,4433287
P0336,"Bennedict Mathurin",4683634,existing-verified-2027,4683634
P0337,"Peyton Watson",4576087,existing-verified-2027,4576087
P0338,"GG Jackson",5105550,exact-name-2027,
P0339,"Josh Hart",3062679,existing-verified-2027,3062679
P0340,"Scoot Henderson",4683678,existing-verified-2027,4683678
P0341,"Nick Smith Jr",4683686,exact-name-2027,
P0342,"Amen Thompson",4684740,existing-verified-2027,4684740
P0343,"Cason Wallace",4683692,existing-verified-2027,4683692
P0344,"Julian Strawther",4432181,exact-name-2027,
P0345,"Isaiah Hartenstein",4222252,existing-verified-2027,4222252
P0346,"Jaden McDaniels",4431671,existing-verified-2027,4431671
P0347,"Keyonte George",4433627,existing-verified-2027,4433627
P0348,"Cam Whitmore",5105592,existing-verified-2027,5105592
P0349,"Trayce Jackson-Davis",4431684,exact-name-2027,
P0350,"Leonard Miller",5044385,exact-name-2027,
P0351,"Ausar Thompson",4684742,existing-verified-2027,4684742
P0352,"Brandin Podziemski",4709138,existing-verified-2027,4709138
P0353,"Vince Williams Jr",4397227,exact-name-2027,
P0354,"Sasha Vezenkov",3893014,exact-name-2026,
P0355,"Kobe Brown",4431752,exact-name-2027,
P0356,"Jordan Hawkins",4683750,exact-name-2027,
P0357,"Jeremy Sochan",4610139,existing-verified-2027,4610139
P0358,"Jordan Miller",4396818,exact-name-2027,
P0359,"Ben Sheppard",4433076,exact-name-2027,
P0360,"Anthony Black",4712849,existing-verified-2027,4712849
P0361,"Noah Clowney",4712896,exact-name-2027,
P0362,"Brice Sensabaugh",5105839,existing-verified-2027,5105839
P0363,"Nic Claxton",4278067,existing-verified-2027,4278067
P0364,"Kelly Oubre Jr",3133603,existing-verified-2027,3133603
P0365,"Scotty Pippen Jr",4431785,existing-verified-2027,4431785
P0366,"Bilal Coulibaly",5104155,existing-verified-2027,5104155
P0367,"Dyson Daniels",4869342,existing-verified-2027,4869342
P0368,"Jabari Walker",4432446,exact-name-2027,
P0369,"Olivier-Maxence Prosper",4595400,exact-name-2027,
P0370,"Kris Murray",4594326,exact-name-2027,
P0371,"Duop Reath",4066268,exact-name-2027,
P0372,"Ivan Zubac",,unresolved,
P0373,"Toumani Camara",4431736,existing-verified-2027,4431736
P0374,"Patrick Baldwin Jr",4433246,exact-name-2027,
P0375,"Jarace Walker",5106060,existing-verified-2027,5106060
P0376,"Dariq Whitehead",4432735,exact-name-2027,
P0377,"Jalen Hood-Schifino",5105797,exact-name-2027,
P0378,"Santi Aldama",4593125,existing-verified-2027,4593125
P0379,"Austin Reaves",4066457,existing-verified-2027,4066457
P0380,"Gradey Dick",5106258,existing-verified-2027,5106258
P0381,"Jaime Jaquez Jr.",4432848,existing-verified-2027,4432848
P0382,"Marcus Sasser",4432107,exact-name-2027,
P0383,"Filip Petrusev",,unresolved,
P0384,"Jalen Pickett",4398390,exact-name-2027,
P0385,"Ayo Dosunmu",4397002,exact-name-2027,
P0386,"Alex Sarr",5160992,exact-name-2027,
P0387,"Donovan Clingan",5105565,exact-name-2027,
P0388,"Tidjane Salaun",5211176,exact-name-2027,
P0389,"Guerschon Yabusele",4017844,exact-name-2027,
P0390,"Kobe Bufkin",4683736,exact-name-2027,
P0391,"Ivica Zubac",4017837,existing-verified-2027,4017837
P0392,"Jared McCain",4683778,existing-verified-2027,4683778
P0393,"Bub Carrington",4845374,existing-verified-2027,4845374
P0394,"Bronny James",4683774,exact-name-2027,
P0395,"Tyler Kolek",4433225,exact-name-2027,
P0396,"Naz Reid",4396971,existing-verified-2027,4396971
P0397,"TJ McConnell",,unresolved,
P0398,"Ryan Dunn",4888725,exact-name-2027,
P0399,"Terrence Shannon Jr.",4432847,exact-name-2027,
P0400,"Jaylon Tyson",4683747,exact-name-2027,
P0401,"Dillon Jones",4702159,exact-name-2027,
P0402,"Josh Minott",4687718,exact-name-2027,
P0403,"Ricky Council IV",4701234,exact-name-2027,
P0404,"Devin Carter",4433188,exact-name-2027,
P0405,"Tyus Jones",3135046,exact-name-2027,
P0407,"Jaylen Wells",5112087,existing-verified-2027,5112087
P0408,"Dalton Knecht",4897943,exact-name-2027,
P0409,"Moussa Diabate",4433249,existing-verified-2027,4433249
P0410,"Johnny Furphy",5157066,exact-name-2027,
P0411,"Tristan Da Silva",4702382,exact-name-2027,
P0412,"Rob Dillingham",4684275,exact-name-2027,
P0413,"Zaccharie Risacher",5211175,existing-verified-2027,5211175
P0414,"Zach Edey",4600663,existing-verified-2027,4600663
P0415,"Ron Holland II",,unresolved,
P0416,"Stephon Castle",4845367,existing-verified-2027,4845367
P0417,"Nikola Topic",5159925,exact-name-2027,
P0418,"Jarred Vanderbilt",4278077,exact-name-2027,
P0420,"Reed Sheppard",4711272,existing-verified-2027,4711272
P0421,"Max Christie",4432582,exact-name-2027,
P0422,"Kyshawn George",5174563,existing-verified-2027,5174563
P0423,"Cody Williams",4895758,exact-name-2027,
P0424,"Yves Missi",5061589,existing-verified-2027,5061589
P0425,"Isaiah Collier",4683766,existing-verified-2027,4683766
P0426,"Justin Champaigne",,unresolved,
P0427,"Jakobe Walter",,unresolved,
P0428,"Justin Edwards",4711297,exact-name-2027,
P0429,"Adem Bona",5105637,exact-name-2027,
P0430,"Alex Caruso",2991350,exact-name-2027,
P0431,"Matas Buzelis",4711294,existing-verified-2027,4711294
P0432,"Kel'el Ware",5105623,exact-name-2027,
P0433,"Kyle Filipowski",4684793,exact-name-2027,
P0434,"Pelle Larsson",4601025,exact-name-2027,
P0435,"DaRon Holmes III",,unresolved,
P0437,"OG Anunoby",3934719,existing-verified-2027,3934719
P0438,"Dylan Harper",5037871,exact-name-2027,
P0439,"Ace Bailey",4873138,exact-name-2027,
P0440,"Neemias Queta",4397424,existing-verified-2027,4397424
P0441,"Aaron Wiggins",4397183,existing-verified-2027,4397183
P0442,"Carter Bryant",5061568,exact-name-2027,
P0443,"Nique Clifford",4702384,exact-name-2027,
P0444,"Will Riley",5144126,exact-name-2027,
P0445,"Tyrese Proctor",5023693,exact-name-2027,
P0446,"Tristan Vukcevic",4997537,exact-name-2027,
P0447,"Bobi Klintman",4906923,exact-name-2027,
P0448,"Noah Penda",5214637,exact-name-2027,
P0449,"AJ Johnson",5170947,exact-name-2027,
P0450,"Aaron Nesmith",4396909,existing-verified-2027,4396909
P0452,"Asa Newell",4873201,exact-name-2027,
P0453,"Daniss Jenkins",5107199,exact-name-2027,
P0454,"Maxime Raynaud",4898371,exact-name-2027,
P0455,"Noa Essengue",5242496,exact-name-2027,
P0456,"Liam McNeely",,unresolved,
P0457,"Hugo Gonzalez",5175647,exact-name-2027,
P0458,"Ryan Nembhard",4433629,exact-name-2027,
P0459,"Rocco Zikarsky",5157587,exact-name-2027,
P0460,"Payton Pritchard",4066354,existing-verified-2027,4066354
P0461,"Herbert Jones",4277813,existing-verified-2027,4277813
P0462,"Jabari Smith Jr.",4432639,existing-verified-2027,4432639
P0464,"Khaman Maluach",5203685,existing-verified-2027,5203685
P0465,"Walter Clayton Jr.",4896372,exact-name-2027,
P0466,"Thomas Sorber",5061603,exact-name-2027,
P0467,"Jordan Walsh",4683689,exact-name-2027,
P0468,"VJ Edgecombe",5124612,existing-verified-2027,5124612
P0469,"Derik Queen",4869780,existing-verified-2027,4869780
P0470,"Kasparas Jakucionis",5214640,exact-name-2027,
P0471,"Collin Murray-Boyles",5093267,exact-name-2027,
P0472,"Egor Demin",5175643,existing-verified-2027,5175643
P0473,"Yang Hansen",5217746,exact-name-2027,
P0474,"Joan Beringer",5279133,exact-name-2027,
P0475,"Ryan Kalkbrenner",4576060,exact-name-2027,
P0476,"Javon Small",4781746,exact-name-2027,
P0478,"Ryan Rollins",4591725,existing-verified-2027,4591725
P0479,"Tre Johnson",5238230,existing-verified-2027,5238230
P0480,"Caleb Love",4433144,exact-name-2027,
P0481,"Jase Richardson",5239561,exact-name-2027,
P0482,"Drake Powell",5037873,exact-name-2027,
P0483,"Sion James",4602025,exact-name-2027,
P0484,"Cooper Flagg",5041939,existing-verified-2027,5041939
P0485,"Karlo Martkovic",,unresolved,
P0486,"Ajay Mitchell",4900671,exact-name-2027,
P0487,"Danny Wolf",5107173,exact-name-2027,
P0488,"Nolan Traore",5279130,exact-name-2027,
P0489,"Ben Saraf",5242502,exact-name-2027,
P0490,"Jimmy Butler",6430,existing-verified-2027,6430
P0491,"Jeremiah Fears",5144091,existing-verified-2027,5144091
P0492,"Kon Knueppel",5061575,existing-verified-2027,5061575
P0493,"Jake LaRavia",4592691,exact-name-2027,
P0494,"David Jones Garcia",4713010,exact-name-2027,
P0495,"Rasheer Fleming",5105977,exact-name-2027,
P0496,"Cedric Coward",4903027,existing-verified-2027,4903027
P0497,"Kingston Flemings",5149077,exact-name-2027,
P0498,"Sergio De Larrea",5279129,exact-name-2027,
P0499,"Darius Acuff Jr.",5142620,exact-name-2027,
P0500,"Will Riley (74 g)",,unresolved,
P0504,"Mikel Brown",,unresolved,
P0505,"Asa Newell (44 g)",,unresolved,
P0509,"Morez Johnson Jr.",4873153,exact-name-2027,
P0510,"Allen Graves",5149115,exact-name-2027,
P0513,"Hannes Steinbach",5281370,exact-name-2027,
P0515,"Yaxel Landeborg",,unresolved,
P0516,"Keaton Wagler",5254165,exact-name-2027,
P0517,"Dailyn Swain",4848625,exact-name-2027,
P0519,"AJ Dybantsa",5142718,exact-name-2027,
P0520,"Cameron Boozer",5041935,exact-name-2027,
P0521,"Joan Beringer (40 g)",,unresolved,
P0522,"Brayden Burries",5082206,exact-name-2027,
P0524,"Javon Small (41 g)",,unresolved,
P0525,"Aday Mara",5174983,exact-name-2027,
P0526,"Ebuka Okorie",5258459,exact-name-2027,
P0527,"Darryn Peterson",5041955,exact-name-2027,
P0531,"Caleb Wilson",5095151,exact-name-2027,
P0535,"Labaron Philon Jr.",4873090,exact-name-2027,
P0536,"Christian Anderson Jr.",,unresolved,
P0537,"David Jones Garcia (11 g)",,unresolved,
P0539,"Zuby Ejiofor",5106262,exact-name-2027,
P0540,"Dereck Lively II",4683688,existing-verified-2027,4683688
P0541,"Dylan Cardwell",4433174,existing-verified-2027,4433174